llm_type,query_type,query,spec_type,generated_params,ground_truth,precision,recall,hallucination_count,eval_times
mistral,explicit,"Give me the weather forecast for London today, including temperature, precipitation, and air quality index.",full,"{""q"":""London"",""days"":""1"",""aqi"":""yes""}","{'q': 'London', 'days': '1', 'aqi': 'yes'}",1.0,,0.0,1.8573036193847656
mistral,ambiguous,"What's the weather in London today? I don't know if I can go out this afternoon with my allergies, they get bad with the air quality",full,"{""q"":""London"",""days"":""1"",""aqi"":""yes""}","{'q': 'London', 'days': '1', 'aqi': 'yes'}",1.0,,0.0,1.246734857559204
mistral,vague,Is it a good idea to go out in London today?,full,"{""q"":""London"",""days"":""1""}","{'q': 'London', 'days': '1', 'aqi': 'yes'}",0.6666666666666666,,0.0,1.1795568466186523
mistral,explicit,Find me the cheapest available economy-class flight from John F. Kennedy Airport (JFK) in New York City to Incheon International Airport (ICN) for two adults departing today.,full,"{""fromId"":""JFK.AIRPORT"",""toId"":""ICN.AIRPORT"",""departDate"":""2023-10-05"",""adults"":""2"",""cabinClass"":""ECONOMY""}","{'fromId': 'JFK.AIRPORT', 'toId': 'STO.AIRPORT', 'departDate': '2024-12-15', 'adults': '2', 'cabinClass': 'ECONOMY'}",1.0,,0.0,1.4354546070098877
mistral,ambiguous,I need an affordable flight for today's date from JFK airport to Seoul for my husband and I,full,"{""fromId"":""JFK.AIRPORT"",""toId"":""ICN.AIRPORT"",""departDate"": ""2024-08-07"",""adults"":""2"",""cabinClass"":""ECONOMY""}","{'fromId': 'JFK.AIRPORT', 'toId': 'STO.AIRPORT', 'departDate': '2024-12-15', 'adults': '2', 'cabinClass': 'ECONOMY'}",1.0,,0.0,1.437218427658081
mistral,vague,Can I get a good flight deal from New York to South Korea today?,full,"{""fromId"":""NYC.AIRPORT"",""toId"":""SEL.AIRPORT"",""departDate"":""2023-10-05"",""adults"":""1"",""cabinClass"":""ECONOMY""}","{'fromId': 'JFK.AIRPORT', 'toId': 'STO.AIRPORT', 'departDate': '2024-12-15', 'adults': '2', 'cabinClass': 'ECONOMY'}",1.0,,0.0,1.351053237915039
mistral,explicit,Find a flight from New York City (NYC) to Seoul (ICN) for two adults and one infant,full,"{""originSkyId"":""NYC"",""destinationSkyId"":""ICN"",""originEntityId"":""NYC"",""destinationEntityId"":""ICN"",""date"":""2023-12-01"",""adults"":""2"",""infants"":""1""}","{'originSkyId': 'NYC', 'destinationSkyId': 'STO', 'adults': '2', 'infants': '1'}",1.0,,0.0,2.648798942565918
mistral,ambiguous,"My wife, newborn, and I need to visit her parents in Seoul. We're leaving from NYC.",full,"{""originSkyId"":""NYC"",""destinationSkyId"":""SEL"",""originEntityId"":""NYC"",""destinationEntityId"":""SEL"",""date"":""2023-12-01"",""adults"":""2"",""infants"":""1"",""cabinClass"":""economy"",""currency"":""USD"",""market"":""en-US"",""countryCode"":""US""}","{'originSkyId': 'NYC', 'destinationSkyId': 'STO', 'adults': '2', 'infants': '1'}",1.0,,0.0,2.2752532958984375
mistral,vague,Looking for a way to get my family to Seoul.,full,"{""originSkyId"":"""",""destinationSkyId"":""SEL"",""originEntityId"":"""",""destinationEntityId"":"""",""date"":"""",""cabinClass"":""economy"",""adults"":""1"",""children"":""0"",""infants"":""0"",""sortBy"":""best"",""currency"":""USD"",""market"":""en-US"",""countryCode"":""US""}","{'originSkyId': 'NYC', 'destinationSkyId': 'STO', 'adults': '2', 'infants': '1'}",1.0,,0.0,1.6976404190063477
mistral,explicit,Find airports in New York City (NYC) that offer flights. Display the results in Spanish (Mexico locale).,full,"{""query"":""New York City"",""locale"":""es_MX""}","{'query': 'NYC', 'locale': 'es-MX'}",1.0,,0.0,0.6681942939758301
mistral,ambiguous,"I need flights from NYC but I can't understand English, I speak Spanish.",full,"{""query"":""NYC"",""locale"":""es-ES""}","{'query': 'NYC', 'locale': 'es-MX'}",1.0,,0.0,0.7889900207519531
mistral,vague,Help me find flights from NYC in a language I understand.,full,"{""query"":""NYC""}","{'query': 'NYC', 'locale': 'es-MX'}",0.5,,0.0,2.2424912452697754
mistral,explicit,"Find a hotel in New York City (NYC) for two adults, checking in today and checking out next Friday. Display prices in USD.",full,"{""geoId"":""304335"",""checkIn"":""2023-10-05"",""checkOut"":""2023-10-13"",""adults"":""2"",""currencyCode"":""USD""}","{'geoId': 'NYC', 'checkIn': '2024-12-16', 'checkOut': '2024-12-20', 'adults': '2', 'currencyCode': 'USD'}",1.0,,0.0,3.4849472045898438
mistral,ambiguous,I need a hotel for my husband and I in NYC. We'll be staying from today until next Friday.,full,"{""geoId"":""304517"",""checkIn"":""2023-10-05"",""checkOut"":""2023-10-13"",""adults"":""2"",""rooms"":""1""}","{'geoId': 'NYC', 'checkIn': '2024-12-16', 'checkOut': '2024-12-20', 'adults': '2', 'currencyCode': 'USD'}",0.8,,0.0,2.6189632415771484
mistral,vague,We need a hotel in New York for a few days.,full,"{""geoId"":""134324"",""checkIn"":""2023-10-01"",""checkOut"":""2023-10-05"",""pageNumber"":""1""}","{'geoId': 'NYC', 'checkIn': '2024-12-16', 'checkOut': '2024-12-20', 'adults': '2', 'currencyCode': 'USD'}",0.6,,0.0,1.3304812908172607
mistral,explicit,"Find a hotel in New York City (NYC). We need 2 rooms, each for one adult, who will be checking in on December 16 and checking out on December 20. Display prices in USD.",full,"{""geoId"":""304335"",""checkIn"":""2023-12-16"",""checkOut"":""2023-12-20"",""adults"":""2"",""rooms"":""2"",""currencyCode"":""USD""}","{'geoId': 'NYC', 'checkIn': '2024-12-16', 'checkOut': '2024-12-20', 'adults': '2', 'rooms': '2', 'currencyCode': 'USD'}",1.0,,0.0,2.2487289905548096
mistral,ambiguous,My coworker and I need a separate room for our business trip. We'll be in NYC from the 16th to the 20th.,full,"{""geoId"":""g60813"",""checkIn"":""2023-10-16"",""checkOut"":""2023-10-20"",""rooms"":""2"",""adults"":""2""}","{'geoId': 'NYC', 'checkIn': '2024-12-16', 'checkOut': '2024-12-20', 'adults': '2', 'rooms': '2', 'currencyCode': 'USD'}",0.8333333333333334,,0.0,1.4007518291473389
mistral,vague,We're looking for a place to stay in NYC for a work trip.,full,"{""geoId"":""14308915"",""checkIn"":""2023-10-01"",""checkOut"":""2023-10-05"",""adults"":""1"",""rooms"":""1""}","{'geoId': 'NYC', 'checkIn': '2024-12-16', 'checkOut': '2024-12-20', 'adults': '2', 'rooms': '2', 'currencyCode': 'USD'}",0.8333333333333334,,0.0,1.9053630828857422
mistral,explicit,Find news articles about climate change specifically in Ireland.,full,"{""query"":""climate change"",""region"":""IE""}","{'query': 'Climate Change', 'language': '', 'region': 'IE'}",0.6666666666666666,,0.0,0.6244871616363525
mistral,ambiguous,I've heard about climate issues in Ireland. Any recent news?,full,"{""query"":""climate issues Ireland"",""language"":""en"",""region"":""IE""}","{'query': 'Climate Change', 'language': '', 'region': 'IE'}",1.0,,0.0,0.7108354568481445
mistral,vague,What’s happening to Ireland?,full,"{""query"":""Ireland"",""language"":""en"",""region"":""IE""}","{'query': 'Climate Change', 'language': '', 'region': 'IE'}",1.0,,0.0,1.4435887336730957
mistral,explicit,"Find hotels that have closed down in Boston, USA, and provide their names and contact email addresses.",full,"{""query"":""hotels Boston USA"",""limit"":""20"",""language"":""en"",""region"":""us"",""business_status"":""CLOSED"",""extract_emails_and_contacts"":""True"",""fields"":""business_id,type,phone_number,full_address,email""}","{'query': 'Hotels in Boston, USA', 'business_status': 'CLOSED', 'extract_emails_and_contacts': True}",1.0,,0.0,1.5308732986450195
mistral,ambiguous,"I need to find the contact info of the hotel I stayed at in Boston, but I think it's closed down now.",full,"{""query"":""hotel Boston"",""business_status"":""CLOSED"",""extract_emails_and_contacts"":""True"",""limit"":""20"",""language"":""en"",""region"":""us"",""zoom"":""13""}","{'query': 'Hotels in Boston, USA', 'business_status': 'CLOSED', 'extract_emails_and_contacts': True}",1.0,,0.0,5.401768445968628
mistral,vague,Need info on a hotel in Boston that might not be open.,full,"{""query"":""hotel in Boston"",""limit"":""20"",""language"":""en"",""region"":""us"",""business_status"":""CLOSED""}","{'query': 'Hotels in Boston, USA', 'business_status': 'CLOSED', 'extract_emails_and_contacts': True}",0.6666666666666666,,0.0,1.2081425189971924
mistral,explicit,"Retrieve reviews for this business with id=0x89c259b5a9bd152b:0x31453e62a3be9f76, specifically for its location in Ireland.",full,"{""business_id"":""0x89c259b5a9bd152b:0x31453e62a3be9f76"",""region"":""ie"",""language"":""en""}","{'business_id': '0x89c259b5a9bd152b:0x31453e62a3be9f76', 'region': 'ie'}",1.0,,0.0,1.330857753753662
mistral,ambiguous,I need to see what people are saying about this business with id=0x89c259b5a9bd152b:0x31453e62a3be9f76 in Ireland.,full,"{""business_id"":""0x89c259b5a9bd152b:0x31453e62a3be9f76"",""region"":""ie"",""language"":""en""}","{'business_id': '0x89c259b5a9bd152b:0x31453e62a3be9f76', 'region': 'ie'}",1.0,,0.0,1.626197338104248
mistral,vague,What's going on with this business with id=0x89c259b5a9bd152b:0x31453e62a3be9f76 in Ireland?,full,"{""business_id"":""0x89c259b5a9bd152b:0x31453e62a3be9f76"",""region"":""ie"",""language"":""en""}","{'business_id': '0x89c259b5a9bd152b:0x31453e62a3be9f76', 'region': 'ie'}",1.0,,0.0,1.7327039241790771
mistral,explicit,Calculate 1.7777 minus 2.9057345 and round the result to five decimal places.,full,"{""numbers"":""1.7777-2.9057345"",""decimalPlaces"":""5""}","{'numbers': '1.7777, -, 2.9057345', 'decimalPlaces': '5'}",1.0,,0.0,9.603793621063232
mistral,ambiguous,What’s 1.7777 - 2.9057345 rounded to five decimals?,full,"{""numbers"":""1.7777-2.9057345"",""decimalPlaces"":""5""}","{'numbers': '1.7777, -, 2.9057345', 'decimalPlaces': '5'}",1.0,,0.0,0.9139750003814697
mistral,vague,Solve 1.7777 - 2.9057345 with rounding.,full,"{""numbers"":""1.7777-2.9057345"",""decimalPlaces"":""2""}","{'numbers': '1.7777, -, 2.9057345', 'decimalPlaces': '5'}",1.0,,0.0,4.2969770431518555
mistral,explicit,Search for Tamagotchi toy in new condition that are on sale in the UK.,full,"{""q"":""Tamagotchi toy"",""country"":""gb"",""product_condition"":""NEW"",""on_sale"":""True"",""language"":""en"",""page"":""1"",""limit"":""30"",""sort_by"":""BEST_MATCH"",""min_rating"":""ANY""}","{'q': 'Tamagotchi', 'country': 'UK', 'product_condition': 'NEW', 'on_sale': True}",1.0,,0.0,1.5075037479400635
mistral,ambiguous,I want to buy a brand new Tamagotchi for my niece. Are there any on sale in the UK?,full,"{""q"":""Tamagotchi"",""country"":""uk"",""language"":""en"",""page"":""1"",""limit"":""30"",""sort_by"":""BEST_MATCH"",""product_condition"":""NEW"",""on_sale"":""True"",""min_rating"":""ANY""}","{'q': 'Tamagotchi', 'country': 'UK', 'product_condition': 'NEW', 'on_sale': True}",1.0,,0.0,1.5058352947235107
mistral,vague,I’m looking for a Tamagotchi in the UK.,full,"{""q"":""Tamagotchi"",""country"":""gb"",""language"":""en"",""page"":""1"",""limit"":""30"",""sort_by"":""BEST_MATCH"",""product_condition"":""ANY"",""min_rating"":""ANY""}","{'q': 'Tamagotchi', 'country': 'UK', 'product_condition': 'NEW', 'on_sale': True}",0.75,,0.0,1.3266568183898926
mistral,explicit,Search for new Tamagotchi toy under $20.,full,"{""q"":""Tamagotchi toy"",""country"":""us"",""language"":""en"",""page"":""1"",""limit"":""30"",""sort_by"":""BEST_MATCH"",""max_price"":""20"",""product_condition"":""NEW"",""min_rating"":""ANY""}","{'q': 'Tamagotchi', 'max_price': '20', 'product_condition': 'NEW'}",1.0,,0.0,1.7068002223968506
mistral,ambiguous,"I want to buy a brand new Tamagotchi for my son, but my budget is $20.",full,"{""q"":""Tamagotchi"",""country"":""us"",""language"":""en"",""page"":""1"",""limit"":""30"",""sort_by"":""BEST_MATCH"",""min_price"":""0"",""max_price"":""20"",""product_condition"":""NEW"",""free_returns"":""False"",""free_shipping"":""False"",""max_shipping_days"":"""",""on_sale"":""False"",""store_id"":"""",""other_filters"":"""",""min_rating"":""ANY""}","{'q': 'Tamagotchi', 'max_price': '20', 'product_condition': 'NEW'}",1.0,,0.0,2.463670015335083
mistral,vague,I need a Tamagotchi for my son that is not too expensive.,full,"{""q"":""Tamagotchi"",""sort_by"":""LOWEST_PRICE"",""country"":""us"",""language"":""en"",""page"":""1"",""limit"":""30"",""min_rating"":""ANY"",""product_condition"":""ANY""}","{'q': 'Tamagotchi', 'max_price': '20', 'product_condition': 'NEW'}",0.6666666666666666,,0.0,1.4798364639282227
mistral,explicit,Give me product reviews for product with ID=11577822456427762145 in the United States and translate the results to Spanish.,full,"{""product_id"":""11577822456427762145"",""country"":""us"",""language"":""es""}","{'product_id': '11577822456427762145', 'country': 'us', 'language': 'es'}",1.0,,0.0,1.2718684673309326
mistral,ambiguous,"Show me reviews for this productwith ID=11577822456427762145, but I speak Spanish.",full,"{""product_id"":""11577822456427762145"",""language"":""es""}","{'product_id': '11577822456427762145', 'country': 'us', 'language': 'es'}",0.6666666666666666,,0.0,1.2768280506134033
mistral,vague,Que piensa la gente sobre este producto con ID=11577822456427762145?,full,"{""product_id"":""11577822456427762145"",""limit"":""10"",""country"":""us"",""language"":""en""}","{'product_id': '11577822456427762145', 'country': 'us', 'language': 'es'}",1.0,,0.0,1.4066061973571777
mistral,explicit,Find product offers for product with ID=11577822456427762145 in the United States and translate the results to Spanish.,full,"{""product_id"":""11577822456427762145"",""page"":""1"",""country"":""us"",""language"":""es""}","{'product_id': '11577822456427762145', 'country': 'us', 'language': 'es'}",1.0,,0.0,1.2290232181549072
mistral,ambiguous,I'm looking for offers on product with ID=11577822456427762145. I'm from the US but want to send the offers to my mom who speaks Spanish.,full,"{""product_id"":""11577822456427762145"",""page"":""1"",""country"":""us"",""language"":""es""}","{'product_id': '11577822456427762145', 'country': 'us', 'language': 'es'}",1.0,,0.0,1.2473936080932617
mistral,vague,Show me the best deals for this product with ID=11577822456427762145 but I can't speak English.,full,"{""product_id"":""11577822456427762145"",""page"":""1"",""country"":""us"",""language"":""en""}","{'product_id': '11577822456427762145', 'country': 'us', 'language': 'es'}",1.0,,0.0,1.1527719497680664
mistral,explicit,"Provide details for product with ID=11577822456427762145 available in Korea, and translate the results to English.",full,"{""q"":""11577822456427762145"",""country"":""gb"",""language"":""en""}","{'product_id': '11577822456427762145', 'country': 'kr', 'language': 'en'}",0.6666666666666666,,0.0,1.1265084743499756
mistral,ambiguous,Can you tell me about product ID=11577822456427762145 available in Korea? I can only speak English though.,full,"{""q"":""11577822456427762145"",""country"":""gb"",""language"":""en""}","{'product_id': '11577822456427762145', 'country': 'kr', 'language': 'en'}",0.6666666666666666,,0.0,5.574142932891846
mistral,vague,I want to know more about this product with ID=11577822456427762145 in Korea.,full,"{""q"":""11577822456427762145"",""country"":""kr"",""language"":""ko"",""page"":""1"",""limit"":""30"",""sort_by"":""BEST_MATCH"",""product_condition"":""ANY"",""free_returns"":""false"",""free_shipping"":""false"",""on_sale"":""false"",""min_rating"":""ANY""}","{'product_id': '11577822456427762145', 'country': 'kr', 'language': 'en'}",0.6666666666666666,,0.0,1.968165397644043
mistral,explicit,I need the weather forecast in Paris for this week. Include information about high tides as well.,full,"{""q"":""Paris"",""days"":""7"",""tides"":""yes""}","{'q': 'Paris', 'days': '7', 'tides': 'yes'}",1.0,,0.0,0.8656549453735352
mistral,ambiguous,I'm in Paris for the week and want to visit the beach. What does the weather look like this week and should I worry about high tides?,full,"{""q"":""Paris"",""days"":""7"",""aqi"":""yes"",""tides"":""yes""}","{'q': 'Paris', 'days': '7', 'tides': 'yes'}",1.0,,0.0,1.0025794506072998
mistral,vague,Is it a good time to go to the beach in Paris this week?,full,"{""q"":""Paris"",""days"":""7"",""aqi"":""yes""}","{'q': 'Paris', 'days': '7', 'tides': 'yes'}",0.6666666666666666,,0.0,0.7832021713256836
mistral,explicit,I’m planning to visit Restaurant_Review-g60763-d12425739-Reviews-Piccola_Cucina_Estiatorio-New_York_City_New_York in NYC. Please display the prices in SEK (Swedish Krona).,full,"{""restaurantsId"":""Restaurant_Review-g60763-d12425739-Reviews-Piccola_Cucina_Estiatorio-New_York_City_New_York"",""currencyCode"":""SEK""}","{'restaurantsId': 'Restaurant_Review-g60763-d12425739-Reviews-Piccola_Cucina_Estiatorio-New_York_City_New_York', 'currencyCode': 'SEK'}",1.0,,0.0,1.6126043796539307
mistral,ambiguous,I want to visit Restaurant_Review-g60763-d12425739-Reviews-Piccola_Cucina_Estiatorio-New_York_City_New_York but I'm from Sweden so I don't know how much the prices are.,full,"{""restaurantsId"":""d12425739"",""currencyCode"":""SEK""}","{'restaurantsId': 'Restaurant_Review-g60763-d12425739-Reviews-Piccola_Cucina_Estiatorio-New_York_City_New_York', 'currencyCode': 'SEK'}",1.0,,0.0,1.4432687759399414
mistral,vague,Give me details about Restaurant_Review-g60763-d12425739-Reviews-Piccola_Cucina_Estiatorio-New_York_City_New_York.,full,"{""restaurantsId"":""Restaurant_Review-g60763-d12425739-Reviews-Piccola_Cucina_Estiatorio-New_York_City_New_York""}","{'restaurantsId': 'Restaurant_Review-g60763-d12425739-Reviews-Piccola_Cucina_Estiatorio-New_York_City_New_York', 'currencyCode': 'SEK'}",0.5,,0.0,1.5559051036834717
mistral,explicit,Give me the date of when artist with ID 2uFUBdaVGtyMqckSeCl0Qj released their album Experience.,full,"{""artistId"":""2uFUBdaVGtyMqckSeCl0Qj"",""type"":""album""}","{'artistId': '2uFUBdaVGtyMqckSeCl0Qj', 'type': 'album'}",1.0,,0.0,0.9477410316467285
mistral,ambiguous,When did artist with ID=2uFUBdaVGtyMqckSeCl0Qj come out with his album Experience?,full,"{""artistId"":""2uFUBdaVGtyMqckSeCl0Qj"",""type"":""album""}","{'artistId': '2uFUBdaVGtyMqckSeCl0Qj', 'type': 'album'}",1.0,,0.0,0.9575774669647217
mistral,vague,When did this artist with ID=2uFUBdaVGtyMqckSeCl0Qj release Experience?,full,"{""artistId"":""2uFUBdaVGtyMqckSeCl0Qj"",""type"":""album""}","{'artistId': '2uFUBdaVGtyMqckSeCl0Qj', 'type': 'album'}",1.0,,0.0,1.1847777366638184
mistral,explicit,When did artist with ID=2uFUBdaVGtyMqckSeCl0Qj release their single Night?,full,"{""artistId"":""2uFUBdaVGtyMqckSeCl0Qj"",""type"":""single""}","{'artistId': '2uFUBdaVGtyMqckSeCl0Qj', 'type': 'single'}",1.0,,0.0,1.008307695388794
mistral,ambiguous,When did artist with ID=2uFUBdaVGtyMqckSeCl0Qj come out with his song Night?,full,"{""artistId"":""2uFUBdaVGtyMqckSeCl0Qj"",""type"":""single""}","{'artistId': '2uFUBdaVGtyMqckSeCl0Qj', 'type': 'single'}",1.0,,0.0,1.013747215270996
mistral,vague,When did this artist with ID=2uFUBdaVGtyMqckSeCl0Qj release Night?,full,"{""artistId"":""2uFUBdaVGtyMqckSeCl0Qj"",""type"":""album"",""offset"":""0"",""limit"":""50""}","{'artistId': '2uFUBdaVGtyMqckSeCl0Qj', 'type': 'single'}",1.0,,0.0,1.0943851470947266
mistral,explicit,Give me the date that user sparklemilktea joined Instagram.,full,"{""username_or_id_or_url"":""sparklemilktea"",""include_about"":""True""}","{'username_or_id_or_url': 'sparklemilktea', 'include_about': 'true'}",1.0,,0.0,1.2718987464904785
mistral,ambiguous,When did sparklemilktea join Instagram?,full,"{""username_or_id_or_url"":""sparklemilktea"",""include_about"":""True""}","{'username_or_id_or_url': 'sparklemilktea', 'include_about': 'true'}",1.0,,0.0,7.8305885791778564
mistral,vague,When did sparklemilktea start using Instagram?,full,"{""username_or_id_or_url"":""sparklemilktea"",""include_about"":""True""}","{'username_or_id_or_url': 'sparklemilktea', 'include_about': 'true'}",1.0,,0.0,0.8934452533721924
mistral,explicit,Give me at least 20 followers of the user sparklemilktea.,full,"{""username_or_id_or_url"":""sparklemilktea"",""amount"":""20""}","{'username_or_id_or_url': 'sparklemilktea', 'amount': '20'}",1.0,,0.0,1.972527027130127
mistral,ambiguous,Can you tell me the top 20 followers of sparklemilktea?,full,"{""username_or_id_or_url"":""sparklemilktea"",""amount"":""20""}","{'username_or_id_or_url': 'sparklemilktea', 'amount': '20'}",1.0,,0.0,0.9910609722137451
mistral,vague,Who are some followers of sparklemilktea?,full,"{""username_or_id_or_url"":""sparklemilktea""}","{'username_or_id_or_url': 'sparklemilktea', 'amount': '20'}",0.5,,0.0,0.7796258926391602
mistral,explicit,Give me at least 20 people that the user sparklemilktea follows.,full,"{""username_or_id_or_url"":""sparklemilktea"",""amount"":""20""}","{'username_or_id_or_url': 'sparklemilktea', 'amount': '20'}",1.0,,0.0,0.8564193248748779
mistral,ambiguous,Can you tell me the top 20 people who sparklemilktea follows?,full,"{""username_or_id_or_url"":""sparklemilktea"",""amount"":""20""}","{'username_or_id_or_url': 'sparklemilktea', 'amount': '20'}",1.0,,0.0,1.1795928478240967
mistral,vague,Can you list some people who sparklemilktea follows?,full,"{""username_or_id_or_url"":""sparklemilktea"",""amount"":""50""}","{'username_or_id_or_url': 'sparklemilktea', 'amount': '20'}",1.0,,0.0,0.9025392532348633
mistral,explicit,Show me posts by kiyomi_bori and provide the HTML code to embed them.,full,"{""username_or_id_or_url"":""kiyomi_bori"",""url_embed_safe"":""true""}","{'username_or_id_or_url': 'kiyomi_bori', 'url_embed_safe': 'true'}",1.0,,0.0,0.9096822738647461
mistral,ambiguous,Can you get posts by kiyomi_bori and make them embeddable for my website?,full,"{""username_or_id_or_url"":""kiyomi_bori"",""url_embed_safe"":""true""}","{'username_or_id_or_url': 'kiyomi_bori', 'url_embed_safe': 'true'}",1.0,,0.0,0.9707827568054199
mistral,vague,I want to see posts by kiyomi_bori to put on my website.,full,"{""username_or_id_or_url"":""kiyomi_bori"",""url_embed_safe"":""true""}","{'username_or_id_or_url': 'kiyomi_bori', 'url_embed_safe': 'true'}",1.0,,0.0,0.9593362808227539
mistral,explicit,Search for the user kiyomi_bori and provide an embeddable profile link.,full,"{""search_query"":""kiyomi_bori"",""url_embed_safe"":""True""}","{'search_query': 'kiyomi_bori', 'url_embed_safe': 'true'}",1.0,,0.0,0.8008933067321777
mistral,ambiguous,Find kiyomi_bori's profile so I can embed it.,full,"{""search_query"":""kiyomi_bori"",""url_embed_safe"":""True""}","{'search_query': 'kiyomi_bori', 'url_embed_safe': 'true'}",1.0,,0.0,1.029022216796875
mistral,vague,I want to see kiyomi_bori to put on my website.,full,"{""search_query"":""kiyomi_bori"",""url_embed_safe"":""True""}","{'search_query': 'kiyomi_bori', 'url_embed_safe': 'true'}",1.0,,0.0,0.7922673225402832
mistral,explicit,Give me the last 10 quarterly balance sheets for MSFT from the 10-Q filings.,full,"{""ticker"":""MSFT"",""formtype"":""10-Q"",""filingorder"":""0""}
{""ticker"":""MSFT"",""formtype"":""10-Q"",""filingorder"":""1""}
{""ticker"":""MSFT"",""formtype"":""10-Q"",""filingorder"":""2""}
{""ticker"":""MSFT"",""formtype"":""10-Q"",""filingorder"":""3""}
{""ticker"":""MSFT"",""formtype"":""10-Q"",""filingorder"":""4""}
{""ticker"":""MSFT"",""formtype"":""10-Q"",""filingorder"":""5""}
{""ticker"":""MSFT"",""formtype"":""10-Q"",""filingorder"":""6""}
{""ticker"":""MSFT"",""formtype"":""10-Q"",""filingorder"":""7""}
{""ticker"":""MSFT"",""formtype"":""10-Q"",""filingorder"":""8""}
{""ticker"":""MSFT"",""formtype"":""10-Q"",""filingorder"":""9""}","{'ticker': 'msft', 'formtype': '10-q', 'filingorder': '10'}",-1.0,,-1.0,4.444147348403931
mistral,ambiguous,Show me the last 10 quarterly reports for MSFT.,full,"{""ticker"":""MSFT"",""formtype"":""10-Q"",""filingorder"":""0""}
{""ticker"":""MSFT"",""formtype"":""10-Q"",""filingorder"":""1""}
{""ticker"":""MSFT"",""formtype"":""10-Q"",""filingorder"":""2""}
{""ticker"":""MSFT"",""formtype"":""10-Q"",""filingorder"":""3""}
{""ticker"":""MSFT"",""formtype"":""10-Q"",""filingorder"":""4""}
{""ticker"":""MSFT"",""formtype"":""10-Q"",""filingorder"":""5""}
{""ticker"":""MSFT"",""formtype"":""10-Q"",""filingorder"":""6""}
{""ticker"":""MSFT"",""formtype"":""10-Q"",""filingorder"":""7""}
{""ticker"":""MSFT"",""formtype"":""10-Q"",""filingorder"":""8""}
{""ticker"":""MSFT"",""formtype"":""10-Q"",""filingorder"":""9""}","{'ticker': 'msft', 'formtype': '10-q', 'filingorder': '10'}",-1.0,,-1.0,4.388922929763794
mistral,vague,Give me MSFT’s latest financial reports.,full,"{""ticker"":""MSFT"",""formtype"":""10-K"",""filingorder"":""0""}","{'ticker': 'msft', 'formtype': '10-q', 'filingorder': '10'}",1.0,,0.0,1.5974469184875488
mistral,explicit,Search for books with the keyword 'artificial intelligence' on page 2 of the results.,full,"{""keyword"":""artificial intelligence"",""page"":""2""}","{'keyword': 'artificial intelligence', 'page': '2'}",1.0,,0.0,0.907524585723877
mistral,ambiguous,Give me lots of good books on artificial intelligence.,full,"{""keyword"":""artificial intelligence"",""page"":""1""}","{'keyword': 'artificial intelligence', 'page': '2'}",1.0,,0.0,0.7024271488189697
mistral,vague,Any good books on AI?,full,"{""keyword"":""AI"",""page"":""1""}","{'keyword': 'artificial intelligence', 'page': '2'}",1.0,,0.0,0.6998004913330078
mistral,explicit,Find quotes containing the word 'courage' on the first page of results.,full,"{""keyword"":""courage"",""page"":""1""}",{'keyword': 'courage'},1.0,,0.0,0.7709426879882812
mistral,ambiguous,Do you know any quotes about being brave?,full,"{""keyword"":""brave""}",{'keyword': 'courage'},1.0,,0.0,0.5448157787322998
mistral,vague,Give me a brave quote.,full,"{""keyword"":""brave""}",{'keyword': 'courage'},1.0,,0.0,0.6298906803131104
mistral,explicit,Search for restaurant locations in 'San Francisco'.,full,"{""query"":""San Francisco""}","{'locationId': '12345', 'page': '2'}",0.0,,0.0,0.5398428440093994
mistral,ambiguous,Give me tons of good places to eat in SF.,full,"{""query"":""SF""}","{'locationId': '12345', 'page': '2'}",0.0,,0.0,0.5006356239318848
mistral,vague,Any dining suggestions near me?,full,"{""query"":""me""}","{'locationId': '12345', 'page': '2'}",0.0,,0.0,0.5468053817749023
mistral,explicit,Retrieve the latest COVID-19 news for 'US-CA' (California).,full,"{""location"":""US-CA""}",{'location': 'California'},1.0,,0.0,0.6427047252655029
mistral,ambiguous,What's the latest on COVID in California?,full,"{""location"":""US-CA""}",{'location': 'California'},1.0,,0.0,0.5807862281799316
mistral,vague,COVID news near me,full,"{""location"":""global""}",{'location': 'California'},1.0,,0.0,0.5364696979522705
mistral,explicit,Retrieve detailed information about Japan.,full,"{""name"":""Japan""}",{'name': 'Japan'},1.0,,0.0,0.8123636245727539
mistral,ambiguous,What can you tell me about Japan?,full,"{""name"":""Japan""}",{'name': 'Japan'},1.0,,0.0,0.7544469833374023
mistral,vague,Japan,full,"{""name"":""Japan""}",{'name': 'Japan'},1.0,,0.0,0.5665132999420166
mistral,explicit,Get the latest COVID-19 statistics for 'US-NY' (New York State),full,"{""location"":""US-NY""}",{'location': 'New York'},1.0,,0.0,0.671562910079956
mistral,ambiguous,How is COVID-19 looking in New York?,full,"{""location"":""US-NY""}",{'location': 'New York'},1.0,,0.0,0.6873772144317627
mistral,vague,New York,full,"{""location"":""US-NY""}",{'location': 'New York'},1.0,,0.0,0.571368932723999
mistral,explicit,Find the Spotify Artist ID for 'Fall Out Boy'.,full,"{""name"":""Fall Out Boy""}",{'name': 'Fall Out Boy'},1.0,,0.0,0.5743584632873535
mistral,ambiguous,What's Fall Out Boy's profile?,full,"{""name"":""Fall Out Boy""}",{'name': 'Fall Out Boy'},1.0,,0.0,0.5669403076171875
mistral,vague,Fall Out Boy,full,"{""name"":""Fall Out Boy""}",{'name': 'Fall Out Boy'},1.0,,0.0,0.5805916786193848
mistral,explicit,Retrieve the balance sheet and income statement for Apple Inc. from the latest SEC filing using CIK 0000320193 and accession number 0000320193-23-000010.,full,"{""cik"":""0000320193"",""accessionNumber"":""0000320193-23-000010""}","{'cik': '0000320193', 'accessionNumber': '0000320193-23-000010'}",1.0,,0.0,1.3727021217346191
mistral,ambiguous,Can I see Apple's latest financial statements?,full,"{""cik"":""0000320193"",""accessionNumber"":""0000320193-23-000096""}","{'cik': '0000320193', 'accessionNumber': '0000320193-23-000010'}",1.0,,0.0,1.2756409645080566
mistral,vague,What are Apple's numbers?,full,"{""cik"":""0000320193"",""accessionNumber"":""0000320193-23-000096""}","{'cik': '0000320193', 'accessionNumber': '0000320193-23-000010'}",1.0,,0.0,1.297811508178711
mistral,explicit,Get the real-time exchange rate from Bitcoin (BTC) to US Dollar (USD).,full,"{""from_currency"":""BTC"",""function"":""CURRENCY_EXCHANGE_RATE"",""to_currency"":""USD""}","{'from_currency': 'BTC', 'function': 'CURRENCY_EXCHANGE_RATE', 'to_currency': 'KRW'}",1.0,,0.0,1.02528977394104
mistral,ambiguous,How much is Bitcoin worth right now?,full,"{""from_currency"":""BTC"",""function"":""CURRENCY_EXCHANGE_RATE"",""to_currency"":""USD""}","{'from_currency': 'BTC', 'function': 'CURRENCY_EXCHANGE_RATE', 'to_currency': 'KRW'}",1.0,,0.0,0.9709136486053467
mistral,vague,Bitcoin rate,full,"{""from_currency"":""BTC"",""function"":""CURRENCY_EXCHANGE_RATE"",""to_currency"":""USD""}","{'from_currency': 'BTC', 'function': 'CURRENCY_EXCHANGE_RATE', 'to_currency': 'KRW'}",1.0,,0.0,0.8837752342224121
mistral,explicit,Show the top posts from r/nosleep for the past month.,full,"{""subreddit"":""nosleep"",""time"":""month""}","{'subreddit': 'nosleep', 'time': 'month'}",1.0,,0.0,0.6771249771118164
mistral,ambiguous,What's the latest in r/nosleep this month?,full,"{""subreddit"":""nosleep"",""time"":""month""}","{'subreddit': 'nosleep', 'time': 'month'}",1.0,,0.0,0.6168253421783447
mistral,vague,r/nosleep latest posts,full,"{""subreddit"":""nosleep"",""time"":""day""}","{'subreddit': 'nosleep', 'time': 'month'}",1.0,,0.0,0.8829550743103027
mistral,explicit,Show the top posts from r/technology for the past week.,full,"{""subreddit"":""technology"",""time"":""week""}","{'subreddit': 'nosleep', 'time': 'month'}",1.0,,0.0,0.760941743850708
mistral,ambiguous,What's the r/nosleep best of all week?,full,"{""subreddit"":""nosleep"",""time"":""week"",""cursor"":""""}","{'subreddit': 'nosleep', 'time': 'month'}",1.0,,0.0,0.7329084873199463
mistral,vague,r/nosleep latest,full,"{""subreddit"":""nosleep"",""time"":""day""}","{'subreddit': 'nosleep', 'time': 'month'}",1.0,,0.0,0.6177349090576172
mistral,explicit,Search for the top 10 TikTok posts about 'travel hacks' from the past month.,full,"{""keyword"":""travel hacks"",""count"":""10"",""publish_time"":""30""}","{'keyword': 'travel hacks', 'count': '10', 'publish_time': '30'}",1.0,,0.0,2.2624831199645996
mistral,ambiguous,What are the trending travel hacks on TikTok this month?,full,"{""keyword"":""travel hacks"",""count"":""10"",""publish_time"":""30"",""sort_type"":""1""}","{'keyword': 'travel hacks', 'count': '10', 'publish_time': '30'}",1.0,,0.0,0.9205994606018066
mistral,vague,Travel hacks,full,"{""keyword"":""Travel hacks""}","{'keyword': 'travel hacks', 'count': '10', 'publish_time': '30'}",0.3333333333333333,,0.0,0.5656659603118896
mistral,explicit,Find 20 live TikTok streams about cooking tips.,full,"{""keyword"":""cooking tips"",""count"":""20""}","{'keyword': 'cooking tips', 'count': '20'}",1.0,,0.0,20.988621711730957
mistral,ambiguous,20 TikTok lives about cooking?,full,"{""keyword"":""cooking"",""count"":""20""}","{'keyword': 'cooking tips', 'count': '20'}",1.0,,0.0,0.8176884651184082
mistral,vague,cooking lives right now,full,"{""keyword"":""cooking"",""count"":""10"",""offset"":""0""}","{'keyword': 'cooking tips', 'count': '20'}",1.0,,0.0,0.7725884914398193
mistral,explicit,"Search for full-time software engineer jobs in the US, posted within the last week.",full,"{""query"":""full-time software engineer jobs in the US"",""country"":""us"",""date_posted"":""week"",""employment_types"":""FULLTIME""}","{'query': 'software engineer', 'country': 'US', 'date_posted': 'week', 'employment_types': 'FULLTIME'}",1.0,,0.0,1.0420756340026855
mistral,ambiguous,Are there any recent software engineer jobs in the US right now?,full,"{""query"":""software engineer jobs in US"",""country"":""us"",""date_posted"":""today""}","{'query': 'software engineer', 'country': 'US', 'date_posted': 'week', 'employment_types': 'FULLTIME'}",0.75,,0.0,0.8968179225921631
mistral,vague,software engineer jobs in the US,full,"{""query"":""software engineer jobs in the US"",""country"":""us"",""page"":""1"",""num_pages"":""1"",""date_posted"":""all""}","{'query': 'software engineer', 'country': 'US', 'date_posted': 'week', 'employment_types': 'FULLTIME'}",0.75,,0.0,1.1555302143096924
mistral,explicit,"Search for remote-only, full-time software engineer jobs in the US, posted within the last week.",full,"{""query"":""remote-only full-time software engineer jobs in the US"",""country"":""us"",""work_from_home"":""True"",""employment_types"":""FULLTIME"",""date_posted"":""week""}","{'query': 'software engineer', 'country': 'US', 'date_posted': 'week', 'employment_types': 'FULLTIME', 'work_from_home': 'true'}",1.0,,0.0,1.2242436408996582
mistral,ambiguous,Any recent software engineer jobs in the US right now where I don't need to go to the office?,full,"{""query"":""recent software engineer jobs in the US"",""country"":""us"",""work_from_home"":""True"",""date_posted"":""today""}","{'query': 'software engineer', 'country': 'US', 'date_posted': 'week', 'employment_types': 'FULLTIME', 'work_from_home': 'true'}",0.8,,0.0,1.1390135288238525
mistral,vague,software engineer home jobs in the US,full,"{""query"":""software engineer home jobs in the US"",""country"":""us"",""work_from_home"":""True""}","{'query': 'software engineer', 'country': 'US', 'date_posted': 'week', 'employment_types': 'FULLTIME', 'work_from_home': 'true'}",0.6,,0.0,1.0178031921386719
